student_id,subject,score,max_score,date,credits,semester
CS101,Mathematics,95,100,2025-01-15,3,1
CS101,Physics,85,100,2025-01-16,3,1
CS101,Chemistry,92,100,2025-01-17,3,1
CS102,Mathematics,70,70,2025-01-15,3,1
CS102,Physics,70,100,2025-01-16,3,1
CS102,Computer Science,88,100,2025-01-18,3,1
CS103,Mathematics,55,100,2025-01-15,3,1
CS103,Physics,35,100,2025-01-16,3,1
CS103,Chemistry,62,100,2025-01-17,3,1
CS101,Math,85.0,100.0,2023-10-24,3,1
CS105,Math,95.0,100.0,2023-10-24,4.0,1
CS101,History,85.0,100.0,2025-10-24,4.0,2
CS101,Computers,90.0,100.0,2025-10-24,3.0,2
